{
    "sources": [
        {
            "DOI": "10.2307/2331507",
            "URL": "http://dx.doi.org/10.2307/2331507",
            "author": [
                {
                    "family": "Pearson",
                    "given": "Karl"
                },
                {
                    "family": "Lee",
                    "given": "Alice"
                }
            ],
            "container-title": "Biometrika",
            "id": "pearson1903",
            "issue": "4",
            "issued": {
                "date-parts": [
                    [
                        1903,
                        11
                    ]
                ]
            },
            "page": "357",
            "title": "On the laws of inheritance in man: I. Inheritance of physical characters",
            "title-short": "On the laws of inheritance in man",
            "type": "article-journal",
            "volume": "2"
        },
        {
            "DOI": "10.1002/0471704091",
            "URL": "http://dx.doi.org/10.1002/0471704091",
            "author": [
                {
                    "family": "Weisberg",
                    "given": "Sanford"
                }
            ],
            "id": "weisberg2005a",
            "issued": {
                "date-parts": [
                    [
                        2005,
                        1,
                        14
                    ]
                ]
            },
            "publisher": "John Wiley & Sons, Inc.",
            "title": "Applied linear regression",
            "type": "book"
        },
        {
            "ISBN": "1491910399",
            "URL": "http://r4ds.had.co.nz/",
            "author": [
                {
                    "family": "Wickham",
                    "given": "Hadley"
                },
                {
                    "family": "Grolemund",
                    "given": "Garrett"
                }
            ],
            "id": "Wickham2017R",
            "issued": {
                "date-parts": [
                    [
                        2017
                    ]
                ]
            },
            "keyword": "visualisation textbook computing rpackage",
            "publisher": "O’Reilly Media",
            "title": "R for data science",
            "type": "book"
        },
        {
            "author": [
                {
                    "family": "Angrist",
                    "given": "Joshua D."
                },
                {
                    "family": "Pischke",
                    "given": "Jörn-Steffen"
                }
            ],
            "id": "Angrist2014",
            "issued": {
                "date-parts": [
                    [
                        2014
                    ]
                ]
            },
            "publisher": "Princeton University Press",
            "title": "Mastering’metrics: The path from cause to effect",
            "title-short": "Mastering’metrics",
            "type": "book"
        }
    ],
    "project_biblios": []
}