{"chunk_definitions":[{"row":28,"row_count":1,"visible":true,"expansion_state":0,"options":{"engine":"r","label":"load-packages","message":false,"eval":true},"document_id":"17A768BE","chunk_id":"c1n6rs5g3hcan","chunk_label":"load-packages"},{"row":37,"row_count":1,"visible":true,"expansion_state":0,"options":{"engine":"r","label":"load-data","message":false,"eval":true},"document_id":"17A768BE","chunk_id":"cie01jap2fm9i","chunk_label":"load-data"},{"row":77,"row_count":1,"visible":true,"expansion_state":0,"options":{"engine":"r","label":"plastic_waste_per_cap-hist","eval":true},"document_id":"17A768BE","chunk_id":"c9lgks0yxgaro","chunk_label":"plastic_waste_per_cap-hist"},{"row":86,"row_count":1,"visible":true,"expansion_state":0,"options":{"engine":"r","label":"plastic_waste_per_cap-max","eval":true},"document_id":"17A768BE","chunk_id":"c4mur03e1517j","chunk_label":"plastic_waste_per_cap-max"}],"doc_write_time":1651059973}